{"cameraMode":{"drawMode":0,"name":"Shaded","section":"Shading Mode"},"sceneLighting":true,"audioPlay":false,"sceneViewState":{"showFog":true,"showMaterialUpdate":true,"showSkybox":true,"showFlares":true,"showImageEffects":true,"showParticleSystems":true},"in2DMode":false,"pivot":{"x":22.469764709472658,"y":0.1556396484375,"z":17.329055786132814},"rotation":{"x":-0.20309828221797944,"y":0.7136242985725403,"z":-0.23016810417175294,"w":-0.6296947598457336},"size":12.043956756591797,"orthographic":false}