{"cameraMode":{"drawMode":0,"name":"Shaded","section":"Shading Mode"},"sceneLighting":true,"audioPlay":false,"sceneViewState":{"showFog":true,"showMaterialUpdate":false,"showSkybox":true,"showFlares":true,"showImageEffects":true,"showParticleSystems":true},"in2DMode":false,"pivot":{"x":23.1200008392334,"y":33.380001068115237,"z":31.145000457763673},"rotation":{"x":0.4584445655345917,"y":0.27263250946998598,"z":-0.15014487504959107,"w":0.8324412107467651},"size":6.480120658874512,"orthographic":true}