{"cameraMode":{"drawMode":0,"name":"Shaded","section":"Shading Mode"},"sceneLighting":true,"audioPlay":false,"sceneViewState":{"showFog":true,"showMaterialUpdate":false,"showSkybox":true,"showFlares":true,"showImageEffects":true,"showParticleSystems":true},"in2DMode":false,"pivot":{"x":27.93008041381836,"y":24.61058807373047,"z":37.24822998046875},"rotation":{"x":-0.36563608050346377,"y":0.2865065038204193,"z":-0.11938396096229553,"w":-0.8774811029434204},"size":12.874268531799317,"orthographic":false}