{"cameraMode":{"drawMode":0,"name":"Shaded","section":"Shading Mode"},"sceneLighting":false,"audioPlay":false,"sceneViewState":{"showFog":true,"showMaterialUpdate":false,"showSkybox":false,"showFlares":true,"showImageEffects":true,"showParticleSystems":true},"in2DMode":false,"pivot":{"x":23.600000381469728,"y":30.700000762939454,"z":30.625},"rotation":{"x":0.13484326004981996,"y":0.6471756100654602,"z":-0.1177663505077362,"w":0.7410216927528381},"size":2.4437291622161867,"orthographic":false}