{"cameraMode":{"drawMode":0,"name":"Shaded","section":"Shading Mode"},"sceneLighting":false,"audioPlay":false,"sceneViewState":{"m_AlwaysRefresh":false,"showFog":false,"showSkybox":false,"showFlares":false,"showImageEffects":false,"showParticleSystems":false,"showVisualEffectGraphs":true,"m_FxEnabled":true},"in2DMode":false,"pivot":{"x":-0.18373465538024903,"y":0.27876970171928408,"z":0.4042099714279175},"rotation":{"x":0.04825196787714958,"y":-0.3222040832042694,"z":0.0164466705173254,"w":0.9452964663505554},"size":0.9211798906326294,"orthographic":false}