{"cameraMode":{"drawMode":0,"name":"Shaded","section":"Shading Mode"},"sceneLighting":false,"audioPlay":false,"sceneViewState":{"m_AlwaysRefresh":false,"showFog":false,"showSkybox":false,"showFlares":false,"showImageEffects":false,"showParticleSystems":false,"showVisualEffectGraphs":true,"m_FxEnabled":true},"in2DMode":false,"pivot":{"x":0.0016561895608901978,"y":-0.2578849792480469,"z":-0.1142815500497818},"rotation":{"x":0.0016786010237410665,"y":0.9981026649475098,"z":-0.03175996243953705,"w":0.05274970084428787},"size":0.870198130607605,"orthographic":false}