{"cameraMode":{"drawMode":0,"name":"Shaded","section":"Shading Mode"},"sceneLighting":false,"audioPlay":false,"sceneViewState":{"m_AlwaysRefresh":false,"showFog":false,"showSkybox":false,"showFlares":false,"showImageEffects":false,"showParticleSystems":false,"showVisualEffectGraphs":true,"m_FxEnabled":true},"in2DMode":false,"pivot":{"x":-1.0415115356445313,"y":0.9336961507797241,"z":0.31316328048706057},"rotation":{"x":0.08217671513557434,"y":-0.40338021516799929,"z":0.03640257567167282,"w":0.9106078147888184},"size":2.7211804389953615,"orthographic":false}