{"cameraMode":{"drawMode":0,"name":"Shaded","section":"Shading Mode"},"sceneLighting":false,"audioPlay":false,"sceneViewState":{"m_AlwaysRefresh":false,"showFog":true,"showSkybox":false,"showFlares":true,"showImageEffects":true,"showParticleSystems":true,"showVisualEffectGraphs":true,"m_FxEnabled":true},"in2DMode":false,"pivot":{"x":391.6692810058594,"y":430.03082275390627,"z":-13.258472442626954},"rotation":{"x":0.03541189432144165,"y":0.9403762221336365,"z":-0.32210224866867068,"w":0.10338464379310608},"size":46.04202651977539,"orthographic":false}