{"cameraMode":{"drawMode":0,"name":"Shaded","section":"Shading Mode"},"sceneLighting":false,"audioPlay":false,"sceneViewState":{"m_AlwaysRefresh":false,"showFog":true,"showSkybox":false,"showFlares":true,"showImageEffects":true,"showParticleSystems":true,"showVisualEffectGraphs":true,"m_FxEnabled":true},"in2DMode":false,"pivot":{"x":25.029573440551759,"y":29.53050422668457,"z":27.77566909790039},"rotation":{"x":0.04796815291047096,"y":0.9520339965820313,"z":-0.21220293641090394,"w":0.21519431471824647},"size":2.7808687686920168,"orthographic":false}